"","...1","country","iso3c","date","first_doses","second_doses","third_doses"
"1",1,"United Kingdom","GBR",2021-01-10,0,0,0
"2",2,"United Kingdom","GBR",2021-01-11,0,0,0
"3",3,"United Kingdom","GBR",2021-01-12,0,0,0
"4",4,"United Kingdom","GBR",2021-01-13,0,0,0
"5",5,"United Kingdom","GBR",2021-01-14,0,0,0
"6",6,"United Kingdom","GBR",2021-01-15,0,0,0
"7",7,"United Kingdom","GBR",2021-01-16,0,0,0
"8",8,"United Kingdom","GBR",2021-01-17,0,0,0
"9",9,"United Kingdom","GBR",2021-01-18,0,0,0
"10",10,"United Kingdom","GBR",2021-01-19,0,0,0
"11",11,"United Kingdom","GBR",2021-01-20,0,0,0
"12",12,"United Kingdom","GBR",2021-01-21,0,0,0
"13",13,"United Kingdom","GBR",2021-01-22,0,0,0
"14",14,"United Kingdom","GBR",2021-01-23,0,0,0
"15",15,"United Kingdom","GBR",2021-01-24,0,0,0
"16",16,"United Kingdom","GBR",2021-01-25,0,0,0
"17",17,"United Kingdom","GBR",2021-01-26,0,0,0
"18",18,"United Kingdom","GBR",2021-01-27,0,0,0
"19",19,"United Kingdom","GBR",2021-01-28,0,0,0
"20",20,"United Kingdom","GBR",2021-01-29,0,0,0
"21",21,"United Kingdom","GBR",2021-01-30,0,0,0
"22",22,"United Kingdom","GBR",2021-01-31,0,0,0
"23",23,"United Kingdom","GBR",2021-02-01,0,0,0
"24",24,"United Kingdom","GBR",2021-02-02,0,0,0
"25",25,"United Kingdom","GBR",2021-02-03,0,0,0
"26",26,"United Kingdom","GBR",2021-02-04,0,0,0
"27",27,"United Kingdom","GBR",2021-02-05,0,0,0
"28",28,"United Kingdom","GBR",2021-02-06,0,0,0
"29",29,"United Kingdom","GBR",2021-02-07,0,0,0
"30",30,"United Kingdom","GBR",2021-02-08,0,0,0
"31",31,"United Kingdom","GBR",2021-02-09,0,0,0
"32",32,"United Kingdom","GBR",2021-02-10,0,0,0
"33",33,"United Kingdom","GBR",2021-02-11,0,0,0
"34",34,"United Kingdom","GBR",2021-02-12,0,0,0
"35",35,"United Kingdom","GBR",2021-02-13,0,0,0
"36",36,"United Kingdom","GBR",2021-02-14,0,0,0
"37",37,"United Kingdom","GBR",2021-02-15,0,0,0
"38",38,"United Kingdom","GBR",2021-02-16,0,0,0
"39",39,"United Kingdom","GBR",2021-02-17,0,0,0
"40",40,"United Kingdom","GBR",2021-02-18,0,0,0
"41",41,"United Kingdom","GBR",2021-02-19,0,0,0
"42",42,"United Kingdom","GBR",2021-02-20,0,0,0
"43",43,"United Kingdom","GBR",2021-02-21,0,0,0
"44",44,"United Kingdom","GBR",2021-02-22,0,0,0
"45",45,"United Kingdom","GBR",2021-02-23,0,0,0
"46",46,"United Kingdom","GBR",2021-02-24,0,0,0
"47",47,"United Kingdom","GBR",2021-02-25,0,0,0
"48",48,"United Kingdom","GBR",2021-02-26,0,0,0
"49",49,"United Kingdom","GBR",2021-02-27,0,0,0
"50",50,"United Kingdom","GBR",2021-02-28,0,0,0
"51",51,"United Kingdom","GBR",2021-03-01,0,0,0
"52",52,"United Kingdom","GBR",2021-03-02,0,0,0
"53",53,"United Kingdom","GBR",2021-03-03,0,0,0
"54",54,"United Kingdom","GBR",2021-03-04,0,0,0
"55",55,"United Kingdom","GBR",2021-03-05,0,0,0
"56",56,"United Kingdom","GBR",2021-03-06,0,0,0
"57",57,"United Kingdom","GBR",2021-03-07,0,0,0
"58",58,"United Kingdom","GBR",2021-03-08,0,0,0
"59",59,"United Kingdom","GBR",2021-03-09,0,0,0
"60",60,"United Kingdom","GBR",2021-03-10,0,0,0
"61",61,"United Kingdom","GBR",2021-03-11,0,0,0
"62",62,"United Kingdom","GBR",2021-03-12,0,0,0
"63",63,"United Kingdom","GBR",2021-03-13,0,0,0
"64",64,"United Kingdom","GBR",2021-03-14,0,0,0
"65",65,"United Kingdom","GBR",2021-03-15,0,0,0
"66",66,"United Kingdom","GBR",2021-03-16,0,0,0
"67",67,"United Kingdom","GBR",2021-03-17,0,0,0
"68",68,"United Kingdom","GBR",2021-03-18,0,0,0
"69",69,"United Kingdom","GBR",2021-03-19,0,0,0
"70",70,"United Kingdom","GBR",2021-03-20,0,0,0
"71",71,"United Kingdom","GBR",2021-03-21,0,0,0
"72",72,"United Kingdom","GBR",2021-03-22,0,0,0
"73",73,"United Kingdom","GBR",2021-03-23,0,0,0
"74",74,"United Kingdom","GBR",2021-03-24,0,0,0
"75",75,"United Kingdom","GBR",2021-03-25,0,0,0
"76",76,"United Kingdom","GBR",2021-03-26,0,0,0
"77",77,"United Kingdom","GBR",2021-03-27,0,0,0
"78",78,"United Kingdom","GBR",2021-03-28,0,0,0
"79",79,"United Kingdom","GBR",2021-03-29,0,0,0
"80",80,"United Kingdom","GBR",2021-03-30,0,0,0
"81",81,"United Kingdom","GBR",2021-03-31,0,0,0
"82",82,"United Kingdom","GBR",2021-04-01,0,0,0
"83",83,"United Kingdom","GBR",2021-04-02,0,0,0
"84",84,"United Kingdom","GBR",2021-04-03,0,0,0
"85",85,"United Kingdom","GBR",2021-04-04,0,0,0
"86",86,"United Kingdom","GBR",2021-04-05,0,0,0
"87",87,"United Kingdom","GBR",2021-04-06,0,0,0
"88",88,"United Kingdom","GBR",2021-04-07,0,0,0
"89",89,"United Kingdom","GBR",2021-04-08,0,0,0
"90",90,"United Kingdom","GBR",2021-04-09,0,0,0
"91",91,"United Kingdom","GBR",2021-04-10,0,0,0
"92",92,"United Kingdom","GBR",2021-04-11,0,0,0
"93",93,"United Kingdom","GBR",2021-04-12,0,0,0
"94",94,"United Kingdom","GBR",2021-04-13,0,0,0
"95",95,"United Kingdom","GBR",2021-04-14,0,0,0
"96",96,"United Kingdom","GBR",2021-04-15,0,0,0
"97",97,"United Kingdom","GBR",2021-04-16,0,0,0
"98",98,"United Kingdom","GBR",2021-04-17,0,0,0
"99",99,"United Kingdom","GBR",2021-04-18,0,0,0
"100",100,"United Kingdom","GBR",2021-04-19,0,0,0
"101",101,"United Kingdom","GBR",2021-04-20,0,0,0
"102",102,"United Kingdom","GBR",2021-04-21,0,0,0
"103",103,"United Kingdom","GBR",2021-04-22,0,0,0
"104",104,"United Kingdom","GBR",2021-04-23,0,0,0
"105",105,"United Kingdom","GBR",2021-04-24,0,0,0
"106",106,"United Kingdom","GBR",2021-04-25,0,0,0
"107",107,"United Kingdom","GBR",2021-04-26,0,0,0
"108",108,"United Kingdom","GBR",2021-04-27,0,0,0
"109",109,"United Kingdom","GBR",2021-04-28,0,0,0
"110",110,"United Kingdom","GBR",2021-04-29,0,0,0
"111",111,"United Kingdom","GBR",2021-04-30,0,0,0
"112",112,"United Kingdom","GBR",2021-05-01,0,0,0
"113",113,"United Kingdom","GBR",2021-05-02,0,0,0
"114",114,"United Kingdom","GBR",2021-05-03,0,0,0
"115",115,"United Kingdom","GBR",2021-05-04,0,0,0
"116",116,"United Kingdom","GBR",2021-05-05,0,0,0
"117",117,"United Kingdom","GBR",2021-05-06,0,0,0
"118",118,"United Kingdom","GBR",2021-05-07,0,0,0
"119",119,"United Kingdom","GBR",2021-05-08,0,0,0
"120",120,"United Kingdom","GBR",2021-05-09,0,0,0
"121",121,"United Kingdom","GBR",2021-05-10,0,0,0
"122",122,"United Kingdom","GBR",2021-05-11,0,0,0
"123",123,"United Kingdom","GBR",2021-05-12,0,0,0
"124",124,"United Kingdom","GBR",2021-05-13,0,0,0
"125",125,"United Kingdom","GBR",2021-05-14,0,0,0
"126",126,"United Kingdom","GBR",2021-05-15,0,0,0
"127",127,"United Kingdom","GBR",2021-05-16,0,0,0
"128",128,"United Kingdom","GBR",2021-05-17,0,0,0
"129",129,"United Kingdom","GBR",2021-05-18,0,0,0
"130",130,"United Kingdom","GBR",2021-05-19,0,0,0
"131",131,"United Kingdom","GBR",2021-05-20,0,0,0
"132",132,"United Kingdom","GBR",2021-05-21,0,0,0
"133",133,"United Kingdom","GBR",2021-05-22,0,0,0
"134",134,"United Kingdom","GBR",2021-05-23,0,0,0
"135",135,"United Kingdom","GBR",2021-05-24,0,0,0
"136",136,"United Kingdom","GBR",2021-05-25,0,0,0
"137",137,"United Kingdom","GBR",2021-05-26,0,0,0
"138",138,"United Kingdom","GBR",2021-05-27,0,0,0
"139",139,"United Kingdom","GBR",2021-05-28,0,0,0
"140",140,"United Kingdom","GBR",2021-05-29,0,0,0
"141",141,"United Kingdom","GBR",2021-05-30,0,0,0
"142",142,"United Kingdom","GBR",2021-05-31,0,0,0
"143",143,"United Kingdom","GBR",2021-06-01,0,0,0
"144",144,"United Kingdom","GBR",2021-06-02,0,0,0
"145",145,"United Kingdom","GBR",2021-06-03,0,0,0
"146",146,"United Kingdom","GBR",2021-06-04,0,0,0
"147",147,"United Kingdom","GBR",2021-06-05,0,0,0
"148",148,"United Kingdom","GBR",2021-06-06,0,0,0
"149",149,"United Kingdom","GBR",2021-06-07,0,0,0
"150",150,"United Kingdom","GBR",2021-06-08,0,0,0
"151",151,"United Kingdom","GBR",2021-06-09,0,0,0
"152",152,"United Kingdom","GBR",2021-06-10,0,0,0
"153",153,"United Kingdom","GBR",2021-06-11,0,0,0
"154",154,"United Kingdom","GBR",2021-06-12,0,0,0
"155",155,"United Kingdom","GBR",2021-06-13,0,0,0
"156",156,"United Kingdom","GBR",2021-06-14,0,0,0
"157",157,"United Kingdom","GBR",2021-06-15,0,0,0
"158",158,"United Kingdom","GBR",2021-06-16,0,0,0
"159",159,"United Kingdom","GBR",2021-06-17,0,0,0
"160",160,"United Kingdom","GBR",2021-06-18,0,0,0
"161",161,"United Kingdom","GBR",2021-06-19,0,0,0
"162",162,"United Kingdom","GBR",2021-06-20,0,0,0
"163",163,"United Kingdom","GBR",2021-06-21,0,0,0
"164",164,"United Kingdom","GBR",2021-06-22,0,0,0
"165",165,"United Kingdom","GBR",2021-06-23,0,0,0
"166",166,"United Kingdom","GBR",2021-06-24,0,0,0
"167",167,"United Kingdom","GBR",2021-06-25,0,0,0
"168",168,"United Kingdom","GBR",2021-06-26,0,0,0
"169",169,"United Kingdom","GBR",2021-06-27,0,0,0
"170",170,"United Kingdom","GBR",2021-06-28,0,0,0
"171",171,"United Kingdom","GBR",2021-06-29,0,0,0
"172",172,"United Kingdom","GBR",2021-06-30,0,0,0
"173",173,"United Kingdom","GBR",2021-07-01,0,0,0
"174",174,"United Kingdom","GBR",2021-07-02,0,0,0
"175",175,"United Kingdom","GBR",2021-07-03,0,0,0
"176",176,"United Kingdom","GBR",2021-07-04,0,0,0
"177",177,"United Kingdom","GBR",2021-07-05,0,0,0
"178",178,"United Kingdom","GBR",2021-07-06,0,0,0
"179",179,"United Kingdom","GBR",2021-07-07,0,0,0
"180",180,"United Kingdom","GBR",2021-07-08,0,0,0
"181",181,"United Kingdom","GBR",2021-07-09,0,0,0
"182",182,"United Kingdom","GBR",2021-07-10,0,0,0
"183",183,"United Kingdom","GBR",2021-07-11,0,0,0
"184",184,"United Kingdom","GBR",2021-07-12,0,0,0
"185",185,"United Kingdom","GBR",2021-07-13,0,0,0
"186",186,"United Kingdom","GBR",2021-07-14,0,0,0
"187",187,"United Kingdom","GBR",2021-07-15,0,0,0
"188",188,"United Kingdom","GBR",2021-07-16,0,0,0
"189",189,"United Kingdom","GBR",2021-07-17,0,0,0
"190",190,"United Kingdom","GBR",2021-07-18,0,0,0
"191",191,"United Kingdom","GBR",2021-07-19,0,0,0
"192",192,"United Kingdom","GBR",2021-07-20,0,0,0
"193",193,"United Kingdom","GBR",2021-07-21,0,0,0
"194",194,"United Kingdom","GBR",2021-07-22,0,0,0
"195",195,"United Kingdom","GBR",2021-07-23,0,0,0
"196",196,"United Kingdom","GBR",2021-07-24,0,0,0
"197",197,"United Kingdom","GBR",2021-07-25,0,0,0
"198",198,"United Kingdom","GBR",2021-07-26,0,0,0
"199",199,"United Kingdom","GBR",2021-07-27,0,0,0
"200",200,"United Kingdom","GBR",2021-07-28,0,0,0
"201",201,"United Kingdom","GBR",2021-07-29,0,0,0
"202",202,"United Kingdom","GBR",2021-07-30,0,0,0
"203",203,"United Kingdom","GBR",2021-07-31,0,0,0
"204",204,"United Kingdom","GBR",2021-08-01,0,0,0
"205",205,"United Kingdom","GBR",2021-08-02,0,0,0
"206",206,"United Kingdom","GBR",2021-08-03,0,0,0
"207",207,"United Kingdom","GBR",2021-08-04,0,0,0
"208",208,"United Kingdom","GBR",2021-08-05,0,0,0
"209",209,"United Kingdom","GBR",2021-08-06,0,0,0
"210",210,"United Kingdom","GBR",2021-08-07,0,0,0
"211",211,"United Kingdom","GBR",2021-08-08,0,0,0
"212",212,"United Kingdom","GBR",2021-08-09,0,0,0
"213",213,"United Kingdom","GBR",2021-08-10,0,0,0
"214",214,"United Kingdom","GBR",2021-08-11,0,0,0
"215",215,"United Kingdom","GBR",2021-08-12,0,0,0
"216",216,"United Kingdom","GBR",2021-08-13,0,0,0
"217",217,"United Kingdom","GBR",2021-08-14,0,0,0
"218",218,"United Kingdom","GBR",2021-08-15,0,0,0
"219",219,"United Kingdom","GBR",2021-08-16,0,0,0
"220",220,"United Kingdom","GBR",2021-08-17,0,0,0
"221",221,"United Kingdom","GBR",2021-08-18,0,0,0
"222",222,"United Kingdom","GBR",2021-08-19,0,0,0
"223",223,"United Kingdom","GBR",2021-08-20,0,0,0
"224",224,"United Kingdom","GBR",2021-08-21,0,0,0
"225",225,"United Kingdom","GBR",2021-08-22,0,0,0
"226",226,"United Kingdom","GBR",2021-08-23,0,0,0
"227",227,"United Kingdom","GBR",2021-08-24,0,0,0
"228",228,"United Kingdom","GBR",2021-08-25,0,0,0
"229",229,"United Kingdom","GBR",2021-08-26,0,0,0
"230",230,"United Kingdom","GBR",2021-08-27,0,0,0
"231",231,"United Kingdom","GBR",2021-08-28,0,0,0
"232",232,"United Kingdom","GBR",2021-08-29,0,0,0
"233",233,"United Kingdom","GBR",2021-08-30,0,0,0
"234",234,"United Kingdom","GBR",2021-08-31,0,0,0
"235",235,"United Kingdom","GBR",2021-09-01,0,0,0
"236",236,"United Kingdom","GBR",2021-09-02,0,0,0
"237",237,"United Kingdom","GBR",2021-09-03,0,0,0
"238",238,"United Kingdom","GBR",2021-09-04,0,0,0
"239",239,"United Kingdom","GBR",2021-09-05,0,0,0
"240",240,"United Kingdom","GBR",2021-09-06,0,0,0
"241",241,"United Kingdom","GBR",2021-09-07,0,0,0
"242",242,"United Kingdom","GBR",2021-09-08,0,0,0
"243",243,"United Kingdom","GBR",2021-09-09,0,0,0
"244",244,"United Kingdom","GBR",2021-09-10,0,0,0
"245",245,"United Kingdom","GBR",2021-09-11,0,0,0
"246",246,"United Kingdom","GBR",2021-09-12,0,0,0
"247",247,"United Kingdom","GBR",2021-09-13,0,0,0
"248",248,"United Kingdom","GBR",2021-09-14,0,0,0
"249",249,"United Kingdom","GBR",2021-09-15,0,0,0
"250",250,"United Kingdom","GBR",2021-09-16,0,0,0
"251",251,"United Kingdom","GBR",2021-09-17,0,0,0
"252",252,"United Kingdom","GBR",2021-09-18,0,0,0
"253",253,"United Kingdom","GBR",2021-09-19,0,0,0
"254",254,"United Kingdom","GBR",2021-09-20,0,0,0
"255",255,"United Kingdom","GBR",2021-09-21,0,0,0
"256",256,"United Kingdom","GBR",2021-09-22,0,0,0
"257",257,"United Kingdom","GBR",2021-09-23,0,0,0
"258",258,"United Kingdom","GBR",2021-09-24,0,0,0
"259",259,"United Kingdom","GBR",2021-09-25,0,0,0
"260",260,"United Kingdom","GBR",2021-09-26,0,0,0
"261",261,"United Kingdom","GBR",2021-09-27,0,0,0
"262",262,"United Kingdom","GBR",2021-09-28,0,0,0
"263",263,"United Kingdom","GBR",2021-09-29,0,0,0
"264",264,"United Kingdom","GBR",2021-09-30,0,0,0
"265",265,"United Kingdom","GBR",2021-10-01,0,0,0
"266",266,"United Kingdom","GBR",2021-10-02,0,0,0
"267",267,"United Kingdom","GBR",2021-10-03,0,0,0
"268",268,"United Kingdom","GBR",2021-10-04,0,0,0
"269",269,"United Kingdom","GBR",2021-10-05,0,0,0
"270",270,"United Kingdom","GBR",2021-10-06,0,0,0
"271",271,"United Kingdom","GBR",2021-10-07,0,0,0
"272",272,"United Kingdom","GBR",2021-10-08,0,0,0
"273",273,"United Kingdom","GBR",2021-10-09,0,0,0
"274",274,"United Kingdom","GBR",2021-10-10,0,0,0
"275",275,"United Kingdom","GBR",2021-10-11,0,0,0
"276",276,"United Kingdom","GBR",2021-10-12,0,0,0
"277",277,"United Kingdom","GBR",2021-10-13,0,0,0
"278",278,"United Kingdom","GBR",2021-10-14,0,0,0
"279",279,"United Kingdom","GBR",2021-10-15,0,0,0
"280",280,"United Kingdom","GBR",2021-10-16,0,0,0
"281",281,"United Kingdom","GBR",2021-10-17,0,0,0
"282",282,"United Kingdom","GBR",2021-10-18,0,0,0
"283",283,"United Kingdom","GBR",2021-10-19,0,0,0
"284",284,"United Kingdom","GBR",2021-10-20,0,0,0
"285",285,"United Kingdom","GBR",2021-10-21,0,0,0
"286",286,"United Kingdom","GBR",2021-10-22,0,0,0
"287",287,"United Kingdom","GBR",2021-10-23,0,0,0
"288",288,"United Kingdom","GBR",2021-10-24,0,0,0
"289",289,"United Kingdom","GBR",2021-10-25,0,0,0
"290",290,"United Kingdom","GBR",2021-10-26,0,0,0
"291",291,"United Kingdom","GBR",2021-10-27,0,0,0
"292",292,"United Kingdom","GBR",2021-10-28,0,0,0
"293",293,"United Kingdom","GBR",2021-10-29,0,0,0
"294",294,"United Kingdom","GBR",2021-10-30,0,0,0
"295",295,"United Kingdom","GBR",2021-10-31,0,0,0
"296",296,"United Kingdom","GBR",2021-11-01,0,0,0
"297",297,"United Kingdom","GBR",2021-11-02,0,0,0
"298",298,"United Kingdom","GBR",2021-11-03,0,0,0
"299",299,"United Kingdom","GBR",2021-11-04,0,0,0
"300",300,"United Kingdom","GBR",2021-11-05,0,0,0
"301",301,"United Kingdom","GBR",2021-11-06,0,0,0
"302",302,"United Kingdom","GBR",2021-11-07,0,0,0
"303",303,"United Kingdom","GBR",2021-11-08,0,0,0
"304",304,"United Kingdom","GBR",2021-11-09,0,0,0
"305",305,"United Kingdom","GBR",2021-11-10,0,0,0
"306",306,"United Kingdom","GBR",2021-11-11,0,0,0
"307",307,"United Kingdom","GBR",2021-11-12,0,0,0
"308",308,"United Kingdom","GBR",2021-11-13,0,0,0
"309",309,"United Kingdom","GBR",2021-11-14,0,0,0
"310",310,"United Kingdom","GBR",2021-11-15,0,0,0
"311",311,"United Kingdom","GBR",2021-11-16,0,0,0
"312",312,"United Kingdom","GBR",2021-11-17,0,0,0
"313",313,"United Kingdom","GBR",2021-11-18,0,0,0
"314",314,"United Kingdom","GBR",2021-11-19,0,0,0
"315",315,"United Kingdom","GBR",2021-11-20,0,0,0
"316",316,"United Kingdom","GBR",2021-11-21,0,0,0
"317",317,"United Kingdom","GBR",2021-11-22,0,0,0
"318",318,"United Kingdom","GBR",2021-11-23,0,0,0
"319",319,"United Kingdom","GBR",2021-11-24,0,0,0
"320",320,"United Kingdom","GBR",2021-11-25,0,0,0
"321",321,"United Kingdom","GBR",2021-11-26,0,0,0
"322",322,"United Kingdom","GBR",2021-11-27,0,0,0
"323",323,"United Kingdom","GBR",2021-11-28,0,0,0
"324",324,"United Kingdom","GBR",2021-11-29,0,0,0
"325",325,"United Kingdom","GBR",2021-11-30,0,0,0
"326",326,"United Kingdom","GBR",2021-12-01,0,0,0
"327",327,"United Kingdom","GBR",2021-12-02,0,0,0
"328",328,"United Kingdom","GBR",2021-12-03,0,0,0
"329",329,"United Kingdom","GBR",2021-12-04,0,0,0
"330",330,"United Kingdom","GBR",2021-12-05,0,0,0
"331",331,"United Kingdom","GBR",2021-12-06,0,0,0
"332",332,"United Kingdom","GBR",2021-12-07,0,0,0
"333",333,"United Kingdom","GBR",2021-12-08,0,0,0
"334",334,"United Kingdom","GBR",2021-12-09,0,0,0
"335",335,"United Kingdom","GBR",2021-12-10,0,0,0
"336",336,"United Kingdom","GBR",2021-12-11,0,0,0
"337",337,"United Kingdom","GBR",2021-12-12,0,0,0
"338",338,"United Kingdom","GBR",2021-12-13,0,0,0
"339",339,"United Kingdom","GBR",2021-12-14,0,0,0
"340",340,"United Kingdom","GBR",2021-12-15,0,0,0
"341",341,"United Kingdom","GBR",2021-12-16,0,0,0
"342",342,"United Kingdom","GBR",2021-12-17,0,0,0
"343",343,"United Kingdom","GBR",2021-12-18,0,0,0
"344",344,"United Kingdom","GBR",2021-12-19,0,0,0
"345",345,"United Kingdom","GBR",2021-12-20,0,0,0
"346",346,"United Kingdom","GBR",2021-12-21,0,0,0
"347",347,"United Kingdom","GBR",2021-12-22,0,0,0
"348",348,"United Kingdom","GBR",2021-12-23,0,0,0
"349",349,"United Kingdom","GBR",2021-12-24,0,0,0
"350",350,"United Kingdom","GBR",2021-12-25,0,0,0
"351",351,"United Kingdom","GBR",2021-12-26,0,0,0
"352",352,"United Kingdom","GBR",2021-12-27,0,0,0
"353",353,"United Kingdom","GBR",2021-12-28,0,0,0
"354",354,"United Kingdom","GBR",2021-12-29,0,0,0
"355",355,"United Kingdom","GBR",2021-12-30,0,0,0
"356",356,"United Kingdom","GBR",2021-12-31,0,0,0
"357",357,"United Kingdom","GBR",2022-01-01,0,0,0
"358",358,"United Kingdom","GBR",2022-01-02,0,0,0
"359",359,"United Kingdom","GBR",2022-01-03,0,0,0
"360",360,"United Kingdom","GBR",2022-01-04,0,0,0
"361",361,"United Kingdom","GBR",2022-01-05,0,0,0
"362",362,"United Kingdom","GBR",2022-01-06,0,0,0
"363",363,"United Kingdom","GBR",2022-01-07,0,0,0
"364",364,"United Kingdom","GBR",2022-01-08,0,0,0
"365",365,"United Kingdom","GBR",2022-01-09,0,0,0
"366",366,"United Kingdom","GBR",2022-01-10,0,0,0
"367",367,"United Kingdom","GBR",2022-01-11,0,0,0
"368",368,"United Kingdom","GBR",2022-01-12,0,0,0
"369",369,"United Kingdom","GBR",2022-01-13,0,0,0
"370",370,"United Kingdom","GBR",2022-01-14,0,0,0
"371",371,"United Kingdom","GBR",2022-01-15,0,0,0
"372",372,"United Kingdom","GBR",2022-01-16,0,0,0
"373",373,"United Kingdom","GBR",2022-01-17,0,0,0
"374",374,"United Kingdom","GBR",2022-01-18,0,0,0
"375",375,"United Kingdom","GBR",2022-01-19,0,0,0
"376",376,"United Kingdom","GBR",2022-01-20,0,0,0
"377",377,"United Kingdom","GBR",2022-01-21,0,0,0
"378",378,"United Kingdom","GBR",2022-01-22,0,0,0
"379",379,"United Kingdom","GBR",2022-01-23,0,0,0
"380",380,"United Kingdom","GBR",2022-01-24,0,0,0
"381",381,"United Kingdom","GBR",2022-01-25,0,0,0
"382",382,"United Kingdom","GBR",2022-01-26,0,0,0
"383",383,"United Kingdom","GBR",2022-01-27,0,0,0
"384",384,"United Kingdom","GBR",2022-01-28,0,0,0
"385",385,"United Kingdom","GBR",2022-01-29,0,0,0
"386",386,"United Kingdom","GBR",2022-01-30,0,0,0
"387",387,"United Kingdom","GBR",2022-01-31,0,0,0
"388",388,"United Kingdom","GBR",2022-02-01,0,0,0
"389",389,"United Kingdom","GBR",2022-02-02,0,0,0
"390",390,"United Kingdom","GBR",2022-02-03,0,0,0
"391",391,"United Kingdom","GBR",2022-02-04,0,0,0
"392",392,"United Kingdom","GBR",2022-02-05,0,0,0
"393",393,"United Kingdom","GBR",2022-02-06,0,0,0
"394",394,"United Kingdom","GBR",2022-02-07,0,0,0
"395",395,"United Kingdom","GBR",2022-02-08,0,0,0
"396",396,"United Kingdom","GBR",2022-02-09,0,0,0
"397",397,"United Kingdom","GBR",2022-02-10,0,0,0
"398",398,"United Kingdom","GBR",2022-02-11,0,0,0
"399",399,"United Kingdom","GBR",2022-02-12,0,0,0
"400",400,"United Kingdom","GBR",2022-02-13,0,0,0
"401",401,"United Kingdom","GBR",2022-02-14,0,0,0
"402",402,"United Kingdom","GBR",2022-02-15,0,0,0
"403",403,"United Kingdom","GBR",2022-02-16,0,0,0
"404",404,"United Kingdom","GBR",2022-02-17,0,0,0
"405",405,"United Kingdom","GBR",2022-02-18,0,0,0
"406",406,"United Kingdom","GBR",2022-02-19,0,0,0
"407",407,"United Kingdom","GBR",2022-02-20,0,0,0
"408",408,"United Kingdom","GBR",2022-02-21,0,0,0
"409",409,"United Kingdom","GBR",2022-02-22,0,0,0
"410",410,"United Kingdom","GBR",2022-02-23,0,0,0
"411",411,"United Kingdom","GBR",2022-02-24,0,0,0
"412",412,"United Kingdom","GBR",2022-02-25,0,0,0
"413",413,"United Kingdom","GBR",2022-02-26,0,0,0
"414",414,"United Kingdom","GBR",2022-02-27,0,0,0
"415",415,"United Kingdom","GBR",2022-02-28,0,0,0
"416",416,"United Kingdom","GBR",2022-03-01,0,0,0
"417",417,"United Kingdom","GBR",2022-03-02,0,0,0
"418",418,"United Kingdom","GBR",2022-03-03,0,0,0
"419",419,"United Kingdom","GBR",2022-03-04,0,0,0
"420",420,"United Kingdom","GBR",2022-03-05,0,0,0
"421",421,"United Kingdom","GBR",2022-03-06,0,0,0
"422",422,"United Kingdom","GBR",2022-03-07,0,0,0
"423",423,"United Kingdom","GBR",2022-03-08,0,0,0
"424",424,"United Kingdom","GBR",2022-03-09,0,0,0
"425",425,"United Kingdom","GBR",2022-03-10,0,0,0
"426",426,"United Kingdom","GBR",2022-03-11,0,0,0
"427",427,"United Kingdom","GBR",2022-03-12,0,0,0
"428",428,"United Kingdom","GBR",2022-03-13,0,0,0
"429",429,"United Kingdom","GBR",2022-03-14,0,0,0
"430",430,"United Kingdom","GBR",2022-03-15,0,0,0
"431",431,"United Kingdom","GBR",2022-03-16,0,0,0
"432",432,"United Kingdom","GBR",2022-03-17,0,0,0
"433",433,"United Kingdom","GBR",2022-03-18,0,0,0
"434",434,"United Kingdom","GBR",2022-03-19,0,0,0
"435",435,"United Kingdom","GBR",2022-03-20,0,0,0
"436",436,"United Kingdom","GBR",2022-03-21,0,0,0
"437",437,"United Kingdom","GBR",2022-03-22,0,0,0
"438",438,"United Kingdom","GBR",2022-03-23,0,0,0
"439",439,"United Kingdom","GBR",2022-03-24,0,0,0
"440",440,"United Kingdom","GBR",2022-03-25,0,0,0
"441",441,"United Kingdom","GBR",2022-03-26,0,0,0
"442",442,"United Kingdom","GBR",2022-03-27,0,0,0
"443",443,"United Kingdom","GBR",2022-03-28,0,0,0
"444",444,"United Kingdom","GBR",2022-03-29,0,0,0
"445",445,"United Kingdom","GBR",2022-03-30,0,0,0
"446",446,"United Kingdom","GBR",2022-03-31,0,0,0
"447",447,"United Kingdom","GBR",2022-04-01,0,0,0
"448",448,"United Kingdom","GBR",2022-04-02,0,0,0
"449",449,"United Kingdom","GBR",2022-04-03,0,0,0
"450",450,"United Kingdom","GBR",2022-04-04,0,0,0
"451",451,"United Kingdom","GBR",2022-04-05,0,0,0
"452",452,"United Kingdom","GBR",2022-04-06,0,0,0
"453",453,"United Kingdom","GBR",2022-04-07,0,0,0
"454",454,"United Kingdom","GBR",2022-04-08,0,0,0
"455",455,"United Kingdom","GBR",2022-04-09,0,0,0
"456",456,"United Kingdom","GBR",2022-04-10,0,0,0
"457",457,"United Kingdom","GBR",2022-04-11,0,0,0
"458",458,"United Kingdom","GBR",2022-04-12,0,0,0
"459",459,"United Kingdom","GBR",2022-04-13,0,0,0
"460",460,"United Kingdom","GBR",2022-04-14,0,0,0
"461",461,"United Kingdom","GBR",2022-04-15,0,0,0
"462",462,"United Kingdom","GBR",2022-04-16,0,0,0
"463",463,"United Kingdom","GBR",2022-04-17,0,0,0
"464",464,"United Kingdom","GBR",2022-04-18,0,0,0
"465",465,"United Kingdom","GBR",2022-04-19,0,0,0
"466",466,"United Kingdom","GBR",2022-04-20,0,0,0
"467",467,"United Kingdom","GBR",2022-04-21,0,0,0
"468",468,"United Kingdom","GBR",2022-04-22,0,0,0
"469",469,"United Kingdom","GBR",2022-04-23,0,0,0
"470",470,"United Kingdom","GBR",2022-04-24,0,0,0
"471",471,"United Kingdom","GBR",2022-04-25,0,0,0
"472",472,"United Kingdom","GBR",2022-04-26,0,0,0
"473",473,"United Kingdom","GBR",2022-04-27,0,0,0
"474",474,"United Kingdom","GBR",2022-04-28,0,0,0
"475",475,"United Kingdom","GBR",2022-04-29,0,0,0
"476",476,"United Kingdom","GBR",2022-04-30,0,0,0
"477",477,"United Kingdom","GBR",2022-05-01,0,0,0
"478",478,"United Kingdom","GBR",2022-05-02,0,0,0
"479",479,"United Kingdom","GBR",2022-05-03,0,0,0
"480",480,"United Kingdom","GBR",2022-05-04,0,0,0
"481",481,"United Kingdom","GBR",2022-05-05,0,0,0
"482",482,"United Kingdom","GBR",2022-05-06,0,0,0
"483",483,"United Kingdom","GBR",2022-05-07,0,0,0
"484",484,"United Kingdom","GBR",2022-05-08,0,0,0
"485",485,"United Kingdom","GBR",2022-05-09,0,0,0
"486",486,"United Kingdom","GBR",2022-05-10,0,0,0
"487",487,"United Kingdom","GBR",2022-05-11,0,0,0
"488",488,"United Kingdom","GBR",2022-05-12,0,0,0
"489",489,"United Kingdom","GBR",2022-05-13,0,0,0
"490",490,"United Kingdom","GBR",2022-05-14,0,0,0
"491",491,"United Kingdom","GBR",2022-05-15,0,0,0
"492",492,"United Kingdom","GBR",2022-05-16,0,0,0
"493",493,"United Kingdom","GBR",2022-05-17,0,0,0
"494",494,"United Kingdom","GBR",2022-05-18,0,0,0
"495",495,"United Kingdom","GBR",2022-05-19,0,0,0
"496",496,"United Kingdom","GBR",2022-05-20,0,0,0
"497",497,"United Kingdom","GBR",2022-05-21,0,0,0
"498",498,"United Kingdom","GBR",2022-05-22,0,0,0
"499",499,"United Kingdom","GBR",2022-05-23,0,0,0
"500",500,"United Kingdom","GBR",2022-05-24,0,0,0
"501",501,"United Kingdom","GBR",2022-05-25,0,0,0
"502",502,"United Kingdom","GBR",2022-05-26,0,0,0
"503",503,"United Kingdom","GBR",2022-05-27,0,0,0
"504",504,"United Kingdom","GBR",2022-05-28,0,0,0
"505",505,"United Kingdom","GBR",2022-05-29,0,0,0
"506",506,"United Kingdom","GBR",2022-05-30,0,0,0
"507",507,"United Kingdom","GBR",2022-05-31,0,0,0
"508",508,"United Kingdom","GBR",2022-06-01,0,0,0
"509",509,"United Kingdom","GBR",2022-06-02,0,0,0
"510",510,"United Kingdom","GBR",2022-06-03,0,0,0
"511",511,"United Kingdom","GBR",2022-06-04,0,0,0
"512",512,"United Kingdom","GBR",2022-06-05,0,0,0
"513",513,"United Kingdom","GBR",2022-06-06,0,0,0
"514",514,"United Kingdom","GBR",2022-06-07,0,0,0
"515",515,"United Kingdom","GBR",2022-06-08,0,0,0
"516",516,"United Kingdom","GBR",2022-06-09,0,0,0
"517",517,"United Kingdom","GBR",2022-06-10,0,0,0
"518",518,"United Kingdom","GBR",2022-06-11,0,0,0
"519",519,"United Kingdom","GBR",2022-06-12,0,0,0
"520",520,"United Kingdom","GBR",2022-06-13,0,0,0
"521",521,"United Kingdom","GBR",2022-06-14,0,0,0
"522",522,"United Kingdom","GBR",2022-06-15,0,0,0
"523",523,"United Kingdom","GBR",2022-06-16,0,0,0
"524",524,"United Kingdom","GBR",2022-06-17,0,0,0
"525",525,"United Kingdom","GBR",2022-06-18,0,0,0
"526",526,"United Kingdom","GBR",2022-06-19,0,0,0
"527",527,"United Kingdom","GBR",2022-06-20,0,0,0
"528",528,"United Kingdom","GBR",2022-06-21,0,0,0
"529",529,"United Kingdom","GBR",2022-06-22,0,0,0
"530",530,"United Kingdom","GBR",2022-06-23,0,0,0
"531",531,"United Kingdom","GBR",2022-06-24,0,0,0
"532",532,"United Kingdom","GBR",2022-06-25,0,0,0
"533",533,"United Kingdom","GBR",2022-06-26,0,0,0
"534",534,"United Kingdom","GBR",2022-06-27,0,0,0
"535",535,"United Kingdom","GBR",2022-06-28,0,0,0
"536",536,"United Kingdom","GBR",2022-06-29,0,0,0
"537",537,"United Kingdom","GBR",2022-06-30,0,0,0
"538",538,"United Kingdom","GBR",2022-07-01,0,0,0
"539",539,"United Kingdom","GBR",2022-07-02,0,0,0
"540",540,"United Kingdom","GBR",2022-07-03,0,0,0
"541",541,"United Kingdom","GBR",2022-07-04,0,0,0
"542",542,"United Kingdom","GBR",2022-07-05,0,0,0
"543",543,"United Kingdom","GBR",2022-07-06,0,0,0
"544",544,"United Kingdom","GBR",2022-07-07,0,0,0
"545",545,"United Kingdom","GBR",2022-07-08,0,0,0
"546",546,"United Kingdom","GBR",2022-07-09,0,0,0
"547",547,"United Kingdom","GBR",2022-07-10,0,0,0
"548",548,"United Kingdom","GBR",2022-07-11,0,0,0
"549",549,"United Kingdom","GBR",2022-07-12,0,0,0
"550",550,"United Kingdom","GBR",2022-07-13,0,0,0
"551",551,"United Kingdom","GBR",2022-07-14,0,0,0
"552",552,"United Kingdom","GBR",2022-07-15,0,0,0
"553",553,"United Kingdom","GBR",2022-07-16,0,0,0
"554",554,"United Kingdom","GBR",2022-07-17,0,0,0
"555",555,"United Kingdom","GBR",2022-07-18,0,0,0
"556",556,"United Kingdom","GBR",2022-07-19,0,0,0
"557",557,"United Kingdom","GBR",2022-07-20,0,0,0
"558",558,"United Kingdom","GBR",2022-07-21,0,0,0
"559",559,"United Kingdom","GBR",2022-07-22,0,0,0
"560",560,"United Kingdom","GBR",2022-07-23,0,0,0
"561",561,"United Kingdom","GBR",2022-07-24,0,0,0
"562",562,"United Kingdom","GBR",2022-07-25,0,0,0
"563",563,"United Kingdom","GBR",2022-07-26,0,0,0
"564",564,"United Kingdom","GBR",2022-07-27,0,0,0
"565",565,"United Kingdom","GBR",2022-07-28,0,0,0
"566",566,"United Kingdom","GBR",2022-07-29,0,0,0
"567",567,"United Kingdom","GBR",2022-07-30,0,0,0
"568",568,"United Kingdom","GBR",2022-07-31,0,0,0
"569",569,"United Kingdom","GBR",2022-08-01,0,0,0
"570",570,"United Kingdom","GBR",2022-08-02,0,0,0
"571",571,"United Kingdom","GBR",2022-08-03,0,0,0
"572",572,"United Kingdom","GBR",2022-08-04,0,0,0
"573",573,"United Kingdom","GBR",2022-08-05,0,0,0
"574",574,"United Kingdom","GBR",2022-08-06,0,0,0
"575",575,"United Kingdom","GBR",2022-08-07,0,0,0
"576",576,"United Kingdom","GBR",2022-08-08,0,0,0
"577",577,"United Kingdom","GBR",2022-08-09,0,0,0
"578",578,"United Kingdom","GBR",2022-08-10,0,0,0
"579",579,"United Kingdom","GBR",2022-08-11,0,0,0
"580",580,"United Kingdom","GBR",2022-08-12,0,0,0
"581",581,"United Kingdom","GBR",2022-08-13,0,0,0
"582",582,"United Kingdom","GBR",2022-08-14,0,0,0
"583",583,"United Kingdom","GBR",2022-08-15,0,0,0
"584",584,"United Kingdom","GBR",2022-08-16,0,0,0
"585",585,"United Kingdom","GBR",2022-08-17,0,0,0
"586",586,"United Kingdom","GBR",2022-08-18,0,0,0
"587",587,"United Kingdom","GBR",2022-08-19,0,0,0
"588",588,"United Kingdom","GBR",2022-08-20,0,0,0
"589",589,"United Kingdom","GBR",2022-08-21,0,0,0
"590",590,"United Kingdom","GBR",2022-08-22,0,0,0
"591",591,"United Kingdom","GBR",2022-08-23,0,0,0
"592",592,"United Kingdom","GBR",2022-08-24,0,0,0
"593",593,"United Kingdom","GBR",2022-08-25,0,0,0
"594",594,"United Kingdom","GBR",2022-08-26,0,0,0
"595",595,"United Kingdom","GBR",2022-08-27,0,0,0
"596",596,"United Kingdom","GBR",2022-08-28,0,0,0
"597",597,"United Kingdom","GBR",2022-08-29,0,0,0
"598",598,"United Kingdom","GBR",2022-08-30,0,0,0
"599",599,"United Kingdom","GBR",2022-08-31,0,0,0
"600",600,"United Kingdom","GBR",2022-09-01,0,0,0
"601",601,"United Kingdom","GBR",2022-09-02,0,0,0
"602",602,"United Kingdom","GBR",2022-09-03,0,0,0
"603",603,"United Kingdom","GBR",2022-09-04,0,0,0
"604",604,"United Kingdom","GBR",2022-09-05,0,0,0
"605",605,"United Kingdom","GBR",2022-09-06,0,0,0
"606",606,"United Kingdom","GBR",2022-09-07,0,0,0
"607",607,"United Kingdom","GBR",2022-09-08,0,0,0
"608",608,"United Kingdom","GBR",2022-09-09,0,0,0
"609",609,"United Kingdom","GBR",2022-09-10,0,0,0
"610",610,"United Kingdom","GBR",2022-09-11,0,0,0
"611",611,"United States","USA",2020-12-13,0,0,0
"612",612,"United States","USA",2020-12-14,0,0,0
"613",613,"United States","USA",2020-12-15,0,0,0
"614",614,"United States","USA",2020-12-16,0,0,0
"615",615,"United States","USA",2020-12-17,0,0,0
"616",616,"United States","USA",2020-12-18,0,0,0
"617",617,"United States","USA",2020-12-19,0,0,0
"618",618,"United States","USA",2020-12-20,0,0,0
"619",619,"United States","USA",2020-12-21,0,0,0
"620",620,"United States","USA",2020-12-22,0,0,0
"621",621,"United States","USA",2020-12-23,0,0,0
"622",622,"United States","USA",2020-12-24,0,0,0
"623",623,"United States","USA",2020-12-25,0,0,0
"624",624,"United States","USA",2020-12-26,0,0,0
"625",625,"United States","USA",2020-12-27,0,0,0
"626",626,"United States","USA",2020-12-28,0,0,0
"627",627,"United States","USA",2020-12-29,0,0,0
"628",628,"United States","USA",2020-12-30,0,0,0
"629",629,"United States","USA",2020-12-31,0,0,0
"630",630,"United States","USA",2021-01-01,0,0,0
"631",631,"United States","USA",2021-01-02,0,0,0
"632",632,"United States","USA",2021-01-03,0,0,0
"633",633,"United States","USA",2021-01-04,0,0,0
"634",634,"United States","USA",2021-01-05,0,0,0
"635",635,"United States","USA",2021-01-06,0,0,0
"636",636,"United States","USA",2021-01-07,0,0,0
"637",637,"United States","USA",2021-01-08,0,0,0
"638",638,"United States","USA",2021-01-09,0,0,0
"639",639,"United States","USA",2021-01-10,0,0,0
"640",640,"United States","USA",2021-01-11,0,0,0
"641",641,"United States","USA",2021-01-12,0,0,0
"642",642,"United States","USA",2021-01-13,0,0,0
"643",643,"United States","USA",2021-01-14,0,0,0
"644",644,"United States","USA",2021-01-15,0,0,0
"645",645,"United States","USA",2021-01-16,0,0,0
"646",646,"United States","USA",2021-01-17,0,0,0
"647",647,"United States","USA",2021-01-18,0,0,0
"648",648,"United States","USA",2021-01-19,0,0,0
"649",649,"United States","USA",2021-01-20,0,0,0
"650",650,"United States","USA",2021-01-21,0,0,0
"651",651,"United States","USA",2021-01-22,0,0,0
"652",652,"United States","USA",2021-01-23,0,0,0
"653",653,"United States","USA",2021-01-24,0,0,0
"654",654,"United States","USA",2021-01-25,0,0,0
"655",655,"United States","USA",2021-01-26,0,0,0
"656",656,"United States","USA",2021-01-27,0,0,0
"657",657,"United States","USA",2021-01-28,0,0,0
"658",658,"United States","USA",2021-01-29,0,0,0
"659",659,"United States","USA",2021-01-30,0,0,0
"660",660,"United States","USA",2021-01-31,0,0,0
"661",661,"United States","USA",2021-02-01,0,0,0
"662",662,"United States","USA",2021-02-02,0,0,0
"663",663,"United States","USA",2021-02-03,0,0,0
"664",664,"United States","USA",2021-02-04,0,0,0
"665",665,"United States","USA",2021-02-05,0,0,0
"666",666,"United States","USA",2021-02-06,0,0,0
"667",667,"United States","USA",2021-02-07,0,0,0
"668",668,"United States","USA",2021-02-08,0,0,0
"669",669,"United States","USA",2021-02-09,0,0,0
"670",670,"United States","USA",2021-02-10,0,0,0
"671",671,"United States","USA",2021-02-11,0,0,0
"672",672,"United States","USA",2021-02-12,0,0,0
"673",673,"United States","USA",2021-02-13,0,0,0
"674",674,"United States","USA",2021-02-14,0,0,0
"675",675,"United States","USA",2021-02-15,0,0,0
"676",676,"United States","USA",2021-02-16,0,0,0
"677",677,"United States","USA",2021-02-17,0,0,0
"678",678,"United States","USA",2021-02-18,0,0,0
"679",679,"United States","USA",2021-02-19,0,0,0
"680",680,"United States","USA",2021-02-20,0,0,0
"681",681,"United States","USA",2021-02-21,0,0,0
"682",682,"United States","USA",2021-02-22,0,0,0
"683",683,"United States","USA",2021-02-23,0,0,0
"684",684,"United States","USA",2021-02-24,0,0,0
"685",685,"United States","USA",2021-02-25,0,0,0
"686",686,"United States","USA",2021-02-26,0,0,0
"687",687,"United States","USA",2021-02-27,0,0,0
"688",688,"United States","USA",2021-02-28,0,0,0
"689",689,"United States","USA",2021-03-01,0,0,0
"690",690,"United States","USA",2021-03-02,0,0,0
"691",691,"United States","USA",2021-03-03,0,0,0
"692",692,"United States","USA",2021-03-04,0,0,0
"693",693,"United States","USA",2021-03-05,0,0,0
"694",694,"United States","USA",2021-03-06,0,0,0
"695",695,"United States","USA",2021-03-07,0,0,0
"696",696,"United States","USA",2021-03-08,0,0,0
"697",697,"United States","USA",2021-03-09,0,0,0
"698",698,"United States","USA",2021-03-10,0,0,0
"699",699,"United States","USA",2021-03-11,0,0,0
"700",700,"United States","USA",2021-03-12,0,0,0
"701",701,"United States","USA",2021-03-13,0,0,0
"702",702,"United States","USA",2021-03-14,0,0,0
"703",703,"United States","USA",2021-03-15,0,0,0
"704",704,"United States","USA",2021-03-16,0,0,0
"705",705,"United States","USA",2021-03-17,0,0,0
"706",706,"United States","USA",2021-03-18,0,0,0
"707",707,"United States","USA",2021-03-19,0,0,0
"708",708,"United States","USA",2021-03-20,0,0,0
"709",709,"United States","USA",2021-03-21,0,0,0
"710",710,"United States","USA",2021-03-22,0,0,0
"711",711,"United States","USA",2021-03-23,0,0,0
"712",712,"United States","USA",2021-03-24,0,0,0
"713",713,"United States","USA",2021-03-25,0,0,0
"714",714,"United States","USA",2021-03-26,0,0,0
"715",715,"United States","USA",2021-03-27,0,0,0
"716",716,"United States","USA",2021-03-28,0,0,0
"717",717,"United States","USA",2021-03-29,0,0,0
"718",718,"United States","USA",2021-03-30,0,0,0
"719",719,"United States","USA",2021-03-31,0,0,0
"720",720,"United States","USA",2021-04-01,0,0,0
"721",721,"United States","USA",2021-04-02,0,0,0
"722",722,"United States","USA",2021-04-03,0,0,0
"723",723,"United States","USA",2021-04-04,0,0,0
"724",724,"United States","USA",2021-04-05,0,0,0
"725",725,"United States","USA",2021-04-06,0,0,0
"726",726,"United States","USA",2021-04-07,0,0,0
"727",727,"United States","USA",2021-04-08,0,0,0
"728",728,"United States","USA",2021-04-09,0,0,0
"729",729,"United States","USA",2021-04-10,0,0,0
"730",730,"United States","USA",2021-04-11,0,0,0
"731",731,"United States","USA",2021-04-12,0,0,0
"732",732,"United States","USA",2021-04-13,0,0,0
"733",733,"United States","USA",2021-04-14,0,0,0
"734",734,"United States","USA",2021-04-15,0,0,0
"735",735,"United States","USA",2021-04-16,0,0,0
"736",736,"United States","USA",2021-04-17,0,0,0
"737",737,"United States","USA",2021-04-18,0,0,0
"738",738,"United States","USA",2021-04-19,0,0,0
"739",739,"United States","USA",2021-04-20,0,0,0
"740",740,"United States","USA",2021-04-21,0,0,0
"741",741,"United States","USA",2021-04-22,0,0,0
"742",742,"United States","USA",2021-04-23,0,0,0
"743",743,"United States","USA",2021-04-24,0,0,0
"744",744,"United States","USA",2021-04-25,0,0,0
"745",745,"United States","USA",2021-04-26,0,0,0
"746",746,"United States","USA",2021-04-27,0,0,0
"747",747,"United States","USA",2021-04-28,0,0,0
"748",748,"United States","USA",2021-04-29,0,0,0
"749",749,"United States","USA",2021-04-30,0,0,0
"750",750,"United States","USA",2021-05-01,0,0,0
"751",751,"United States","USA",2021-05-02,0,0,0
"752",752,"United States","USA",2021-05-03,0,0,0
"753",753,"United States","USA",2021-05-04,0,0,0
"754",754,"United States","USA",2021-05-05,0,0,0
"755",755,"United States","USA",2021-05-06,0,0,0
"756",756,"United States","USA",2021-05-07,0,0,0
"757",757,"United States","USA",2021-05-08,0,0,0
"758",758,"United States","USA",2021-05-09,0,0,0
"759",759,"United States","USA",2021-05-10,0,0,0
"760",760,"United States","USA",2021-05-11,0,0,0
"761",761,"United States","USA",2021-05-12,0,0,0
"762",762,"United States","USA",2021-05-13,0,0,0
"763",763,"United States","USA",2021-05-14,0,0,0
"764",764,"United States","USA",2021-05-15,0,0,0
"765",765,"United States","USA",2021-05-16,0,0,0
"766",766,"United States","USA",2021-05-17,0,0,0
"767",767,"United States","USA",2021-05-18,0,0,0
"768",768,"United States","USA",2021-05-19,0,0,0
"769",769,"United States","USA",2021-05-20,0,0,0
"770",770,"United States","USA",2021-05-21,0,0,0
"771",771,"United States","USA",2021-05-22,0,0,0
"772",772,"United States","USA",2021-05-23,0,0,0
"773",773,"United States","USA",2021-05-24,0,0,0
"774",774,"United States","USA",2021-05-25,0,0,0
"775",775,"United States","USA",2021-05-26,0,0,0
"776",776,"United States","USA",2021-05-27,0,0,0
"777",777,"United States","USA",2021-05-28,0,0,0
"778",778,"United States","USA",2021-05-29,0,0,0
"779",779,"United States","USA",2021-05-30,0,0,0
"780",780,"United States","USA",2021-05-31,0,0,0
"781",781,"United States","USA",2021-06-01,0,0,0
"782",782,"United States","USA",2021-06-02,0,0,0
"783",783,"United States","USA",2021-06-03,0,0,0
"784",784,"United States","USA",2021-06-04,0,0,0
"785",785,"United States","USA",2021-06-05,0,0,0
"786",786,"United States","USA",2021-06-06,0,0,0
"787",787,"United States","USA",2021-06-07,0,0,0
"788",788,"United States","USA",2021-06-08,0,0,0
"789",789,"United States","USA",2021-06-09,0,0,0
"790",790,"United States","USA",2021-06-10,0,0,0
"791",791,"United States","USA",2021-06-11,0,0,0
"792",792,"United States","USA",2021-06-12,0,0,0
"793",793,"United States","USA",2021-06-13,0,0,0
"794",794,"United States","USA",2021-06-14,0,0,0
"795",795,"United States","USA",2021-06-15,0,0,0
"796",796,"United States","USA",2021-06-16,0,0,0
"797",797,"United States","USA",2021-06-17,0,0,0
"798",798,"United States","USA",2021-06-18,0,0,0
"799",799,"United States","USA",2021-06-19,0,0,0
"800",800,"United States","USA",2021-06-20,0,0,0
"801",801,"United States","USA",2021-06-21,0,0,0
"802",802,"United States","USA",2021-06-22,0,0,0
"803",803,"United States","USA",2021-06-23,0,0,0
"804",804,"United States","USA",2021-06-24,0,0,0
"805",805,"United States","USA",2021-06-25,0,0,0
"806",806,"United States","USA",2021-06-26,0,0,0
"807",807,"United States","USA",2021-06-27,0,0,0
"808",808,"United States","USA",2021-06-28,0,0,0
"809",809,"United States","USA",2021-06-29,0,0,0
"810",810,"United States","USA",2021-06-30,0,0,0
"811",811,"United States","USA",2021-07-01,0,0,0
"812",812,"United States","USA",2021-07-02,0,0,0
"813",813,"United States","USA",2021-07-03,0,0,0
"814",814,"United States","USA",2021-07-04,0,0,0
"815",815,"United States","USA",2021-07-05,0,0,0
"816",816,"United States","USA",2021-07-06,0,0,0
"817",817,"United States","USA",2021-07-07,0,0,0
"818",818,"United States","USA",2021-07-08,0,0,0
"819",819,"United States","USA",2021-07-09,0,0,0
"820",820,"United States","USA",2021-07-10,0,0,0
"821",821,"United States","USA",2021-07-11,0,0,0
"822",822,"United States","USA",2021-07-12,0,0,0
"823",823,"United States","USA",2021-07-13,0,0,0
"824",824,"United States","USA",2021-07-14,0,0,0
"825",825,"United States","USA",2021-07-15,0,0,0
"826",826,"United States","USA",2021-07-16,0,0,0
"827",827,"United States","USA",2021-07-17,0,0,0
"828",828,"United States","USA",2021-07-18,0,0,0
"829",829,"United States","USA",2021-07-19,0,0,0
"830",830,"United States","USA",2021-07-20,0,0,0
"831",831,"United States","USA",2021-07-21,0,0,0
"832",832,"United States","USA",2021-07-22,0,0,0
"833",833,"United States","USA",2021-07-23,0,0,0
"834",834,"United States","USA",2021-07-24,0,0,0
"835",835,"United States","USA",2021-07-25,0,0,0
"836",836,"United States","USA",2021-07-26,0,0,0
"837",837,"United States","USA",2021-07-27,0,0,0
"838",838,"United States","USA",2021-07-28,0,0,0
"839",839,"United States","USA",2021-07-29,0,0,0
"840",840,"United States","USA",2021-07-30,0,0,0
"841",841,"United States","USA",2021-07-31,0,0,0
"842",842,"United States","USA",2021-08-01,0,0,0
"843",843,"United States","USA",2021-08-02,0,0,0
"844",844,"United States","USA",2021-08-03,0,0,0
"845",845,"United States","USA",2021-08-04,0,0,0
"846",846,"United States","USA",2021-08-05,0,0,0
"847",847,"United States","USA",2021-08-06,0,0,0
"848",848,"United States","USA",2021-08-07,0,0,0
"849",849,"United States","USA",2021-08-08,0,0,0
"850",850,"United States","USA",2021-08-09,0,0,0
"851",851,"United States","USA",2021-08-10,0,0,0
"852",852,"United States","USA",2021-08-11,0,0,0
"853",853,"United States","USA",2021-08-12,0,0,0
"854",854,"United States","USA",2021-08-13,0,0,0
"855",855,"United States","USA",2021-08-14,0,0,0
"856",856,"United States","USA",2021-08-15,0,0,0
"857",857,"United States","USA",2021-08-16,0,0,0
"858",858,"United States","USA",2021-08-17,0,0,0
"859",859,"United States","USA",2021-08-18,0,0,0
"860",860,"United States","USA",2021-08-19,0,0,0
"861",861,"United States","USA",2021-08-20,0,0,0
"862",862,"United States","USA",2021-08-21,0,0,0
"863",863,"United States","USA",2021-08-22,0,0,0
"864",864,"United States","USA",2021-08-23,0,0,0
"865",865,"United States","USA",2021-08-24,0,0,0
"866",866,"United States","USA",2021-08-25,0,0,0
"867",867,"United States","USA",2021-08-26,0,0,0
"868",868,"United States","USA",2021-08-27,0,0,0
"869",869,"United States","USA",2021-08-28,0,0,0
"870",870,"United States","USA",2021-08-29,0,0,0
"871",871,"United States","USA",2021-08-30,0,0,0
"872",872,"United States","USA",2021-08-31,0,0,0
"873",873,"United States","USA",2021-09-01,0,0,0
"874",874,"United States","USA",2021-09-02,0,0,0
"875",875,"United States","USA",2021-09-03,0,0,0
"876",876,"United States","USA",2021-09-04,0,0,0
"877",877,"United States","USA",2021-09-05,0,0,0
"878",878,"United States","USA",2021-09-06,0,0,0
"879",879,"United States","USA",2021-09-07,0,0,0
"880",880,"United States","USA",2021-09-08,0,0,0
"881",881,"United States","USA",2021-09-09,0,0,0
"882",882,"United States","USA",2021-09-10,0,0,0
"883",883,"United States","USA",2021-09-11,0,0,0
"884",884,"United States","USA",2021-09-12,0,0,0
"885",885,"United States","USA",2021-09-13,0,0,0
"886",886,"United States","USA",2021-09-14,0,0,0
"887",887,"United States","USA",2021-09-15,0,0,0
"888",888,"United States","USA",2021-09-16,0,0,0
"889",889,"United States","USA",2021-09-17,0,0,0
"890",890,"United States","USA",2021-09-18,0,0,0
"891",891,"United States","USA",2021-09-19,0,0,0
"892",892,"United States","USA",2021-09-20,0,0,0
"893",893,"United States","USA",2021-09-21,0,0,0
"894",894,"United States","USA",2021-09-22,0,0,0
"895",895,"United States","USA",2021-09-23,0,0,0
"896",896,"United States","USA",2021-09-24,0,0,0
"897",897,"United States","USA",2021-09-25,0,0,0
"898",898,"United States","USA",2021-09-26,0,0,0
"899",899,"United States","USA",2021-09-27,0,0,0
"900",900,"United States","USA",2021-09-28,0,0,0
"901",901,"United States","USA",2021-09-29,0,0,0
"902",902,"United States","USA",2021-09-30,0,0,0
"903",903,"United States","USA",2021-10-01,0,0,0
"904",904,"United States","USA",2021-10-02,0,0,0
"905",905,"United States","USA",2021-10-03,0,0,0
"906",906,"United States","USA",2021-10-04,0,0,0
"907",907,"United States","USA",2021-10-05,0,0,0
"908",908,"United States","USA",2021-10-06,0,0,0
"909",909,"United States","USA",2021-10-07,0,0,0
"910",910,"United States","USA",2021-10-08,0,0,0
"911",911,"United States","USA",2021-10-09,0,0,0
"912",912,"United States","USA",2021-10-10,0,0,0
"913",913,"United States","USA",2021-10-11,0,0,0
"914",914,"United States","USA",2021-10-12,0,0,0
"915",915,"United States","USA",2021-10-13,0,0,0
"916",916,"United States","USA",2021-10-14,0,0,0
"917",917,"United States","USA",2021-10-15,0,0,0
"918",918,"United States","USA",2021-10-16,0,0,0
"919",919,"United States","USA",2021-10-17,0,0,0
"920",920,"United States","USA",2021-10-18,0,0,0
"921",921,"United States","USA",2021-10-19,0,0,0
"922",922,"United States","USA",2021-10-20,0,0,0
"923",923,"United States","USA",2021-10-21,0,0,0
"924",924,"United States","USA",2021-10-22,0,0,0
"925",925,"United States","USA",2021-10-23,0,0,0
"926",926,"United States","USA",2021-10-24,0,0,0
"927",927,"United States","USA",2021-10-25,0,0,0
"928",928,"United States","USA",2021-10-26,0,0,0
"929",929,"United States","USA",2021-10-27,0,0,0
"930",930,"United States","USA",2021-10-28,0,0,0
"931",931,"United States","USA",2021-10-29,0,0,0
"932",932,"United States","USA",2021-10-30,0,0,0
"933",933,"United States","USA",2021-10-31,0,0,0
"934",934,"United States","USA",2021-11-01,0,0,0
"935",935,"United States","USA",2021-11-02,0,0,0
"936",936,"United States","USA",2021-11-03,0,0,0
"937",937,"United States","USA",2021-11-04,0,0,0
"938",938,"United States","USA",2021-11-05,0,0,0
"939",939,"United States","USA",2021-11-06,0,0,0
"940",940,"United States","USA",2021-11-07,0,0,0
"941",941,"United States","USA",2021-11-08,0,0,0
"942",942,"United States","USA",2021-11-09,0,0,0
"943",943,"United States","USA",2021-11-10,0,0,0
"944",944,"United States","USA",2021-11-11,0,0,0
"945",945,"United States","USA",2021-11-12,0,0,0
"946",946,"United States","USA",2021-11-13,0,0,0
"947",947,"United States","USA",2021-11-14,0,0,0
"948",948,"United States","USA",2021-11-15,0,0,0
"949",949,"United States","USA",2021-11-16,0,0,0
"950",950,"United States","USA",2021-11-17,0,0,0
"951",951,"United States","USA",2021-11-18,0,0,0
"952",952,"United States","USA",2021-11-19,0,0,0
"953",953,"United States","USA",2021-11-20,0,0,0
"954",954,"United States","USA",2021-11-21,0,0,0
"955",955,"United States","USA",2021-11-22,0,0,0
"956",956,"United States","USA",2021-11-23,0,0,0
"957",957,"United States","USA",2021-11-24,0,0,0
"958",958,"United States","USA",2021-11-25,0,0,0
"959",959,"United States","USA",2021-11-26,0,0,0
"960",960,"United States","USA",2021-11-27,0,0,0
"961",961,"United States","USA",2021-11-28,0,0,0
"962",962,"United States","USA",2021-11-29,0,0,0
"963",963,"United States","USA",2021-11-30,0,0,0
"964",964,"United States","USA",2021-12-01,0,0,0
"965",965,"United States","USA",2021-12-02,0,0,0
"966",966,"United States","USA",2021-12-03,0,0,0
"967",967,"United States","USA",2021-12-04,0,0,0
"968",968,"United States","USA",2021-12-05,0,0,0
"969",969,"United States","USA",2021-12-06,0,0,0
"970",970,"United States","USA",2021-12-07,0,0,0
"971",971,"United States","USA",2021-12-08,0,0,0
"972",972,"United States","USA",2021-12-09,0,0,0
"973",973,"United States","USA",2021-12-10,0,0,0
"974",974,"United States","USA",2021-12-11,0,0,0
"975",975,"United States","USA",2021-12-12,0,0,0
"976",976,"United States","USA",2021-12-13,0,0,0
"977",977,"United States","USA",2021-12-14,0,0,0
"978",978,"United States","USA",2021-12-15,0,0,0
"979",979,"United States","USA",2021-12-16,0,0,0
"980",980,"United States","USA",2021-12-17,0,0,0
"981",981,"United States","USA",2021-12-18,0,0,0
"982",982,"United States","USA",2021-12-19,0,0,0
"983",983,"United States","USA",2021-12-20,0,0,0
"984",984,"United States","USA",2021-12-21,0,0,0
"985",985,"United States","USA",2021-12-22,0,0,0
"986",986,"United States","USA",2021-12-23,0,0,0
"987",987,"United States","USA",2021-12-24,0,0,0
"988",988,"United States","USA",2021-12-25,0,0,0
"989",989,"United States","USA",2021-12-26,0,0,0
"990",990,"United States","USA",2021-12-27,0,0,0
"991",991,"United States","USA",2021-12-28,0,0,0
"992",992,"United States","USA",2021-12-29,0,0,0
"993",993,"United States","USA",2021-12-30,0,0,0
"994",994,"United States","USA",2021-12-31,0,0,0
"995",995,"United States","USA",2022-01-01,0,0,0
"996",996,"United States","USA",2022-01-02,0,0,0
"997",997,"United States","USA",2022-01-03,0,0,0
"998",998,"United States","USA",2022-01-04,0,0,0
"999",999,"United States","USA",2022-01-05,0,0,0
"1000",1000,"United States","USA",2022-01-06,0,0,0
"1001",1001,"United States","USA",2022-01-07,0,0,0
"1002",1002,"United States","USA",2022-01-08,0,0,0
"1003",1003,"United States","USA",2022-01-09,0,0,0
"1004",1004,"United States","USA",2022-01-10,0,0,0
"1005",1005,"United States","USA",2022-01-11,0,0,0
"1006",1006,"United States","USA",2022-01-12,0,0,0
"1007",1007,"United States","USA",2022-01-13,0,0,0
"1008",1008,"United States","USA",2022-01-14,0,0,0
"1009",1009,"United States","USA",2022-01-15,0,0,0
"1010",1010,"United States","USA",2022-01-16,0,0,0
"1011",1011,"United States","USA",2022-01-17,0,0,0
"1012",1012,"United States","USA",2022-01-18,0,0,0
"1013",1013,"United States","USA",2022-01-19,0,0,0
"1014",1014,"United States","USA",2022-01-20,0,0,0
"1015",1015,"United States","USA",2022-01-21,0,0,0
"1016",1016,"United States","USA",2022-01-22,0,0,0
"1017",1017,"United States","USA",2022-01-23,0,0,0
"1018",1018,"United States","USA",2022-01-24,0,0,0
"1019",1019,"United States","USA",2022-01-25,0,0,0
"1020",1020,"United States","USA",2022-01-26,0,0,0
"1021",1021,"United States","USA",2022-01-27,0,0,0
"1022",1022,"United States","USA",2022-01-28,0,0,0
"1023",1023,"United States","USA",2022-01-29,0,0,0
"1024",1024,"United States","USA",2022-01-30,0,0,0
"1025",1025,"United States","USA",2022-01-31,0,0,0
"1026",1026,"United States","USA",2022-02-01,0,0,0
"1027",1027,"United States","USA",2022-02-02,0,0,0
"1028",1028,"United States","USA",2022-02-03,0,0,0
"1029",1029,"United States","USA",2022-02-04,0,0,0
"1030",1030,"United States","USA",2022-02-05,0,0,0
"1031",1031,"United States","USA",2022-02-06,0,0,0
"1032",1032,"United States","USA",2022-02-07,0,0,0
"1033",1033,"United States","USA",2022-02-08,0,0,0
"1034",1034,"United States","USA",2022-02-09,0,0,0
"1035",1035,"United States","USA",2022-02-10,0,0,0
"1036",1036,"United States","USA",2022-02-11,0,0,0
"1037",1037,"United States","USA",2022-02-12,0,0,0
"1038",1038,"United States","USA",2022-02-13,0,0,0
"1039",1039,"United States","USA",2022-02-14,0,0,0
"1040",1040,"United States","USA",2022-02-15,0,0,0
"1041",1041,"United States","USA",2022-02-16,0,0,0
"1042",1042,"United States","USA",2022-02-17,0,0,0
"1043",1043,"United States","USA",2022-02-18,0,0,0
"1044",1044,"United States","USA",2022-02-19,0,0,0
"1045",1045,"United States","USA",2022-02-20,0,0,0
"1046",1046,"United States","USA",2022-02-21,0,0,0
"1047",1047,"United States","USA",2022-02-22,0,0,0
"1048",1048,"United States","USA",2022-02-23,0,0,0
"1049",1049,"United States","USA",2022-02-24,0,0,0
"1050",1050,"United States","USA",2022-02-25,0,0,0
"1051",1051,"United States","USA",2022-02-26,0,0,0
"1052",1052,"United States","USA",2022-02-27,0,0,0
"1053",1053,"United States","USA",2022-02-28,0,0,0
"1054",1054,"United States","USA",2022-03-01,0,0,0
"1055",1055,"United States","USA",2022-03-02,0,0,0
"1056",1056,"United States","USA",2022-03-03,0,0,0
"1057",1057,"United States","USA",2022-03-04,0,0,0
"1058",1058,"United States","USA",2022-03-05,0,0,0
"1059",1059,"United States","USA",2022-03-06,0,0,0
"1060",1060,"United States","USA",2022-03-07,0,0,0
"1061",1061,"United States","USA",2022-03-08,0,0,0
"1062",1062,"United States","USA",2022-03-09,0,0,0
"1063",1063,"United States","USA",2022-03-10,0,0,0
"1064",1064,"United States","USA",2022-03-11,0,0,0
"1065",1065,"United States","USA",2022-03-12,0,0,0
"1066",1066,"United States","USA",2022-03-13,0,0,0
"1067",1067,"United States","USA",2022-03-14,0,0,0
"1068",1068,"United States","USA",2022-03-15,0,0,0
"1069",1069,"United States","USA",2022-03-16,0,0,0
"1070",1070,"United States","USA",2022-03-17,0,0,0
"1071",1071,"United States","USA",2022-03-18,0,0,0
"1072",1072,"United States","USA",2022-03-19,0,0,0
"1073",1073,"United States","USA",2022-03-20,0,0,0
"1074",1074,"United States","USA",2022-03-21,0,0,0
"1075",1075,"United States","USA",2022-03-22,0,0,0
"1076",1076,"United States","USA",2022-03-23,0,0,0
"1077",1077,"United States","USA",2022-03-24,0,0,0
"1078",1078,"United States","USA",2022-03-25,0,0,0
"1079",1079,"United States","USA",2022-03-26,0,0,0
"1080",1080,"United States","USA",2022-03-27,0,0,0
"1081",1081,"United States","USA",2022-03-28,0,0,0
"1082",1082,"United States","USA",2022-03-29,0,0,0
"1083",1083,"United States","USA",2022-03-30,0,0,0
"1084",1084,"United States","USA",2022-03-31,0,0,0
"1085",1085,"United States","USA",2022-04-01,0,0,0
"1086",1086,"United States","USA",2022-04-02,0,0,0
"1087",1087,"United States","USA",2022-04-03,0,0,0
"1088",1088,"United States","USA",2022-04-04,0,0,0
"1089",1089,"United States","USA",2022-04-05,0,0,0
"1090",1090,"United States","USA",2022-04-06,0,0,0
"1091",1091,"United States","USA",2022-04-07,0,0,0
"1092",1092,"United States","USA",2022-04-08,0,0,0
"1093",1093,"United States","USA",2022-04-09,0,0,0
"1094",1094,"United States","USA",2022-04-10,0,0,0
"1095",1095,"United States","USA",2022-04-11,0,0,0
"1096",1096,"United States","USA",2022-04-12,0,0,0
"1097",1097,"United States","USA",2022-04-13,0,0,0
"1098",1098,"United States","USA",2022-04-14,0,0,0
"1099",1099,"United States","USA",2022-04-15,0,0,0
"1100",1100,"United States","USA",2022-04-16,0,0,0
"1101",1101,"United States","USA",2022-04-17,0,0,0
"1102",1102,"United States","USA",2022-04-18,0,0,0
"1103",1103,"United States","USA",2022-04-19,0,0,0
"1104",1104,"United States","USA",2022-04-20,0,0,0
"1105",1105,"United States","USA",2022-04-21,0,0,0
"1106",1106,"United States","USA",2022-04-22,0,0,0
"1107",1107,"United States","USA",2022-04-23,0,0,0
"1108",1108,"United States","USA",2022-04-24,0,0,0
"1109",1109,"United States","USA",2022-04-25,0,0,0
"1110",1110,"United States","USA",2022-04-26,0,0,0
"1111",1111,"United States","USA",2022-04-27,0,0,0
"1112",1112,"United States","USA",2022-04-28,0,0,0
"1113",1113,"United States","USA",2022-04-29,0,0,0
"1114",1114,"United States","USA",2022-04-30,0,0,0
"1115",1115,"United States","USA",2022-05-01,0,0,0
"1116",1116,"United States","USA",2022-05-02,0,0,0
"1117",1117,"United States","USA",2022-05-03,0,0,0
"1118",1118,"United States","USA",2022-05-04,0,0,0
"1119",1119,"United States","USA",2022-05-05,0,0,0
"1120",1120,"United States","USA",2022-05-06,0,0,0
"1121",1121,"United States","USA",2022-05-07,0,0,0
"1122",1122,"United States","USA",2022-05-08,0,0,0
"1123",1123,"United States","USA",2022-05-09,0,0,0
"1124",1124,"United States","USA",2022-05-10,0,0,0
"1125",1125,"United States","USA",2022-05-11,0,0,0
"1126",1126,"United States","USA",2022-05-12,0,0,0
"1127",1127,"United States","USA",2022-05-13,0,0,0
"1128",1128,"United States","USA",2022-05-14,0,0,0
"1129",1129,"United States","USA",2022-05-15,0,0,0
"1130",1130,"United States","USA",2022-05-16,0,0,0
"1131",1131,"United States","USA",2022-05-17,0,0,0
"1132",1132,"United States","USA",2022-05-18,0,0,0
"1133",1133,"United States","USA",2022-05-19,0,0,0
"1134",1134,"United States","USA",2022-05-20,0,0,0
"1135",1135,"United States","USA",2022-05-21,0,0,0
"1136",1136,"United States","USA",2022-05-22,0,0,0
"1137",1137,"United States","USA",2022-05-23,0,0,0
"1138",1138,"United States","USA",2022-05-24,0,0,0
"1139",1139,"United States","USA",2022-05-25,0,0,0
"1140",1140,"United States","USA",2022-05-26,0,0,0
"1141",1141,"United States","USA",2022-05-27,0,0,0
"1142",1142,"United States","USA",2022-05-28,0,0,0
"1143",1143,"United States","USA",2022-05-29,0,0,0
"1144",1144,"United States","USA",2022-05-30,0,0,0
"1145",1145,"United States","USA",2022-05-31,0,0,0
"1146",1146,"United States","USA",2022-06-01,0,0,0
"1147",1147,"United States","USA",2022-06-02,0,0,0
"1148",1148,"United States","USA",2022-06-03,0,0,0
"1149",1149,"United States","USA",2022-06-04,0,0,0
"1150",1150,"United States","USA",2022-06-05,0,0,0
"1151",1151,"United States","USA",2022-06-06,0,0,0
"1152",1152,"United States","USA",2022-06-07,0,0,0
"1153",1153,"United States","USA",2022-06-08,0,0,0
"1154",1154,"United States","USA",2022-06-09,0,0,0
"1155",1155,"United States","USA",2022-06-10,0,0,0
"1156",1156,"United States","USA",2022-06-11,0,0,0
"1157",1157,"United States","USA",2022-06-12,0,0,0
"1158",1158,"United States","USA",2022-06-13,0,0,0
"1159",1159,"United States","USA",2022-06-14,0,0,0
"1160",1160,"United States","USA",2022-06-15,0,0,0
"1161",1161,"United States","USA",2022-06-16,0,0,0
"1162",1162,"United States","USA",2022-06-17,0,0,0
"1163",1163,"United States","USA",2022-06-18,0,0,0
"1164",1164,"United States","USA",2022-06-19,0,0,0
"1165",1165,"United States","USA",2022-06-20,0,0,0
"1166",1166,"United States","USA",2022-06-21,0,0,0
"1167",1167,"United States","USA",2022-06-22,0,0,0
"1168",1168,"United States","USA",2022-06-23,0,0,0
"1169",1169,"United States","USA",2022-06-24,0,0,0
"1170",1170,"United States","USA",2022-06-25,0,0,0
"1171",1171,"United States","USA",2022-06-26,0,0,0
"1172",1172,"United States","USA",2022-06-27,0,0,0
"1173",1173,"United States","USA",2022-06-28,0,0,0
"1174",1174,"United States","USA",2022-06-29,0,0,0
"1175",1175,"United States","USA",2022-06-30,0,0,0
"1176",1176,"United States","USA",2022-07-01,0,0,0
"1177",1177,"United States","USA",2022-07-02,0,0,0
"1178",1178,"United States","USA",2022-07-03,0,0,0
"1179",1179,"United States","USA",2022-07-04,0,0,0
"1180",1180,"United States","USA",2022-07-05,0,0,0
"1181",1181,"United States","USA",2022-07-06,0,0,0
"1182",1182,"United States","USA",2022-07-07,0,0,0
"1183",1183,"United States","USA",2022-07-08,0,0,0
"1184",1184,"United States","USA",2022-07-09,0,0,0
"1185",1185,"United States","USA",2022-07-10,0,0,0
"1186",1186,"United States","USA",2022-07-11,0,0,0
"1187",1187,"United States","USA",2022-07-12,0,0,0
"1188",1188,"United States","USA",2022-07-13,0,0,0
"1189",1189,"United States","USA",2022-07-14,0,0,0
"1190",1190,"United States","USA",2022-07-15,0,0,0
"1191",1191,"United States","USA",2022-07-16,0,0,0
"1192",1192,"United States","USA",2022-07-17,0,0,0
"1193",1193,"United States","USA",2022-07-18,0,0,0
"1194",1194,"United States","USA",2022-07-19,0,0,0
"1195",1195,"United States","USA",2022-07-20,0,0,0
"1196",1196,"United States","USA",2022-07-21,0,0,0
"1197",1197,"United States","USA",2022-07-22,0,0,0
"1198",1198,"United States","USA",2022-07-23,0,0,0
"1199",1199,"United States","USA",2022-07-24,0,0,0
"1200",1200,"United States","USA",2022-07-25,0,0,0
"1201",1201,"United States","USA",2022-07-26,0,0,0
"1202",1202,"United States","USA",2022-07-27,0,0,0
"1203",1203,"United States","USA",2022-07-28,0,0,0
"1204",1204,"United States","USA",2022-07-29,0,0,0
"1205",1205,"United States","USA",2022-07-30,0,0,0
"1206",1206,"United States","USA",2022-07-31,0,0,0
"1207",1207,"United States","USA",2022-08-01,0,0,0
"1208",1208,"United States","USA",2022-08-02,0,0,0
"1209",1209,"United States","USA",2022-08-03,0,0,0
"1210",1210,"United States","USA",2022-08-04,0,0,0
"1211",1211,"United States","USA",2022-08-05,0,0,0
"1212",1212,"United States","USA",2022-08-06,0,0,0
"1213",1213,"United States","USA",2022-08-07,0,0,0
"1214",1214,"United States","USA",2022-08-08,0,0,0
"1215",1215,"United States","USA",2022-08-09,0,0,0
"1216",1216,"United States","USA",2022-08-10,0,0,0
"1217",1217,"United States","USA",2022-08-11,0,0,0
"1218",1218,"United States","USA",2022-08-12,0,0,0
"1219",1219,"United States","USA",2022-08-13,0,0,0
"1220",1220,"United States","USA",2022-08-14,0,0,0
"1221",1221,"United States","USA",2022-08-15,0,0,0
"1222",1222,"United States","USA",2022-08-16,0,0,0
"1223",1223,"United States","USA",2022-08-17,0,0,0
"1224",1224,"United States","USA",2022-08-18,0,0,0
"1225",1225,"United States","USA",2022-08-19,0,0,0
"1226",1226,"United States","USA",2022-08-20,0,0,0
"1227",1227,"United States","USA",2022-08-21,0,0,0
"1228",1228,"United States","USA",2022-08-22,0,0,0
"1229",1229,"United States","USA",2022-08-23,0,0,0
"1230",1230,"United States","USA",2022-08-24,0,0,0
"1231",1231,"United States","USA",2022-08-25,0,0,0
"1232",1232,"United States","USA",2022-08-26,0,0,0
"1233",1233,"United States","USA",2022-08-27,0,0,0
"1234",1234,"United States","USA",2022-08-28,0,0,0
"1235",1235,"United States","USA",2022-08-29,0,0,0
"1236",1236,"United States","USA",2022-08-30,0,0,0
"1237",1237,"United States","USA",2022-08-31,0,0,0
"1238",1238,"United States","USA",2022-09-01,0,0,0
"1239",1239,"United States","USA",2022-09-02,0,0,0
"1240",1240,"United States","USA",2022-09-03,0,0,0
"1241",1241,"United States","USA",2022-09-04,0,0,0
"1242",1242,"United States","USA",2022-09-05,0,0,0
"1243",1243,"United States","USA",2022-09-06,0,0,0
"1244",1244,"United States","USA",2022-09-07,0,0,0
"1245",1245,"United States","USA",2022-09-08,0,0,0
"1246",1246,"United States","USA",2022-09-09,0,0,0
"1247",1247,"United States","USA",2022-09-10,0,0,0
"1248",1248,"United States","USA",2022-09-11,0,0,0
"1249",1249,"United States","USA",2022-09-12,0,0,0
"1250",1250,"United States","USA",2022-09-13,0,0,0
"1251",1251,"United States","USA",2022-09-14,0,0,0
"1252",1252,"United States","USA",2022-09-15,0,0,0
"1253",1253,"United States","USA",2022-09-16,0,0,0
"1254",1254,"United States","USA",2022-09-17,0,0,0
"1255",1255,"United States","USA",2022-09-18,0,0,0
"1256",1256,"United States","USA",2022-09-19,0,0,0
"1257",1257,"United States","USA",2022-09-20,0,0,0
"1258",1258,"United States","USA",2022-09-21,0,0,0
"1259",1259,"United States","USA",2022-09-22,0,0,0
"1260",1260,"United States","USA",2022-09-23,0,0,0
"1261",1261,"United States","USA",2022-09-24,0,0,0
"1262",1262,"United States","USA",2022-09-25,0,0,0
"1263",1263,"United States","USA",2022-09-26,0,0,0
"1264",1264,"United States","USA",2022-09-27,0,0,0
"1265",1265,"United States","USA",2022-09-28,0,0,0
"1266",1266,"United States","USA",2022-09-29,0,0,0
"1267",1267,"United States","USA",2022-09-30,0,0,0
"1268",1268,"United States","USA",2022-10-01,0,0,0
"1269",1269,"United States","USA",2022-10-02,0,0,0
"1270",1270,"United States","USA",2022-10-03,0,0,0
"1271",1271,"United States","USA",2022-10-04,0,0,0
"1272",1272,"United States","USA",2022-10-05,0,0,0
"1273",1273,"United States","USA",2022-10-06,0,0,0
"1274",1274,"United States","USA",2022-10-07,0,0,0
"1275",1275,"United States","USA",2022-10-08,0,0,0
"1276",1276,"United States","USA",2022-10-09,0,0,0
"1277",1277,"United States","USA",2022-10-10,0,0,0
"1278",1278,"United States","USA",2022-10-11,0,0,0
"1279",1279,"United States","USA",2022-10-12,0,0,0
"1280",1280,"United States","USA",2022-10-13,0,0,0
"1281",1281,"United States","USA",2022-10-14,0,0,0
"1282",1282,"United States","USA",2022-10-15,0,0,0
"1283",1283,"United States","USA",2022-10-16,0,0,0
"1284",1284,"United States","USA",2022-10-17,0,0,0
"1285",1285,"United States","USA",2022-10-18,0,0,0
"1286",1286,"United States","USA",2022-10-19,0,0,0
"1287",1287,"United States","USA",2022-10-20,0,0,0
"1288",1288,"United States","USA",2022-10-21,0,0,0
"1289",1289,"United States","USA",2022-10-22,0,0,0
"1290",1290,"United States","USA",2022-10-23,0,0,0
"1291",1291,"United States","USA",2022-10-24,0,0,0
"1292",1292,"United States","USA",2022-10-25,0,0,0
"1293",1293,"United States","USA",2022-10-26,0,0,0
"1294",1294,"United States","USA",2022-10-27,0,0,0
"1295",1295,"United States","USA",2022-10-28,0,0,0
"1296",1296,"United States","USA",2022-10-29,0,0,0
"1297",1297,"United States","USA",2022-10-30,0,0,0
"1298",1298,"United States","USA",2022-10-31,0,0,0
"1299",1299,"United States","USA",2022-11-01,0,0,0
"1300",1300,"United States","USA",2022-11-02,0,0,0
"1301",1301,"United States","USA",2022-11-03,0,0,0
"1302",1302,"United States","USA",2022-11-04,0,0,0
"1303",1303,"United States","USA",2022-11-05,0,0,0
"1304",1304,"United States","USA",2022-11-06,0,0,0
"1305",1305,"United States","USA",2022-11-07,0,0,0
"1306",1306,"United States","USA",2022-11-08,0,0,0
